time,seconds_elapsed,altitude,speedAccuracy,bearingAccuracy,latitude,altitudeAboveMeanSeaLevel,bearing,horizontalAccuracy,verticalAccuracy,longitude,speed
1728303241448243200,-3.1477568359375,205.17959594726562,-1,-1,46.843882496487986,160.58959579467773,-1,64,24.39685821533203,16.83006245264503,-1
1728303244619659000,0.023658935546875,205.17959594726562,-1,-1,46.843882496487986,160.58959579467773,-1,64,24.39685821533203,16.83006245264503,-1
1728303245049256000,0.453255859375,203.60319137573242,-1,-1,46.843400350659905,159.01319122314453,-1,46,21.272951126098633,16.830595592399188,-1
1728303246283337200,1.687337158203125,202.91289138793945,-1,-1,46.843257195064574,158.32289123535156,-1,40,18.42605972290039,16.83067299784122,-1
1728303248245941200,3.649941162109375,205.61878296909197,2.571303578582812,81.89817867915745,46.84333254465602,161.02878281650408,135.35327399646283,33.79832790129984,7.54737761059138,16.830274424957782,1.9038422107696533
1728303249245952800,4.649952880859375,205.08434699205432,2.48227604364989,80.35110440472111,46.84332758969227,160.49434683946643,145.42610266784624,28.8413499374682,7.574558366815201,16.830272434873756,1.2714321613311768
1728303250245965300,5.64996533203125,204.729298862658,2.4840698029384547,50.505501193661,46.843312116698506,160.1392987100701,142.02265685270993,26.594471914456744,7.633065117073645,16.83028570422449,1.9747711420059204
1728303251245977300,6.649977294921875,204.59314698672958,2.1118609548471814,29.342617320848596,46.8432734159983,160.0031468341417,154.85297495493825,24.706972669703298,7.69478819036058,16.830259224165474,2.868044376373291
1728303252246504400,7.65050439453125,204.62250474556058,2.006014992298468,24.56902926028986,46.843241859488046,160.03250459297269,173.45589419258894,21.502689363284322,7.712738262210809,16.830234191059983,2.868044376373291
1728303253245982700,8.649982666015624,204.71141904202292,2.449690978594504,27.319801534674536,46.84322114664997,160.12141888943503,210.8220952296777,20.594842242945926,7.7514951733953925,16.830238718710646,3.111440658569336
1728303254245995500,9.64999560546875,204.78118234140285,2.2434351126055447,18.465376795306135,46.843181830624815,160.19118218881496,218.06693295608613,17.595241538912653,7.757675274307786,16.83020850712211,4.869179725646973
1728303255246165800,10.650165771484374,204.95930913100693,1.8353338986564725,16.50660002370976,46.843146610951045,160.36930897841904,224.7580247016623,16.884175604341223,7.712654561017988,16.83016132454374,4.869179725646973
1728303256245945300,11.6499453125,205.1349642076628,1.9161429599022135,15.517760447248007,46.843105760949584,160.5449640550749,223.15613310680428,19.875475238975202,9.456978153071603,16.830115345411098,4.869179725646973
1728303257245958400,12.64995849609375,205.37632266698427,1.9254971002524532,13.026508107337387,46.843071381754974,160.78632251439637,226.280267459407,19.700331550986277,9.595043903195302,16.83005273815726,5.026422023773193
1728303258245855200,13.649855224609375,205.3763246992603,1.9254971003163086,13.026508107337383,46.843040137019976,160.7863245466724,226.2802327230776,19.70033155098467,9.595043903198599,16.830005120409766,5.026422023771635
1728303259246442500,14.6504423828125,205.6414757920429,2.0727644195621338,11.318906296159334,46.842997464536616,161.05147563945502,229.71097702385717,15.784790480870708,7.764447858071457,16.829909506991296,5.945395946500101
1728303260246454800,15.650454833984375,205.8849857794121,2.2684434637789606,10.559359347423634,46.8429225686064,161.2949856268242,231.46944071497757,15.791102144950571,7.782402023741416,16.829784153571627,8.858137130728773
1728303261195708400,16.59970849609375,206.10180809628218,1.8899873885480818,7.192644731882248,46.842842216117184,161.5118079436943,232.01042641678004,12.952500012534944,8.15004790968109,16.82958524268519,10.831595420823346
1728303262145350400,17.549350341796874,206.28690909128636,1.5067549218720562,6.007939886629815,46.84277749886301,161.69690893869847,229.8293914794922,15.080879336911941,9.919370797730158,16.82949740563211,10.26216602324242
1728303263094935800,18.498935791015626,206.56918826606125,1.3703497868751346,5.446106820128165,46.84272799524687,161.97918811347336,229.8293914794922,14.190699479597392,9.648393695505815,16.829383187092777,10.262166023242411
1728303264044487400,19.4484873046875,206.77216677740216,1.3176955224118199,5.102648426167754,46.84266931099694,162.18216662481427,229.8293914794922,12.241113834674804,8.431897222340806,16.82928187564264,10.262166023242415
1728303265007046700,20.411046630859374,207.05748031660914,1.4748765469493657,5.278033339027865,46.84259961411505,162.46748016402125,228.8497314453125,10.970464440759278,7.551277046347536,16.82916504410482,11.205641746504972
1728303266006606800,21.41060693359375,207.36842046957463,1.6367051834726285,5.3521625970982365,46.842521831188975,162.77842031698674,228.8497314453125,17.66782185609715,12.235159751916234,16.829035327047865,12.346112251258631
1728303267006201900,22.410201904296876,207.644348859787,1.3236706676432293,4.1713904358228024,46.84244431892686,163.0543487071991,228.8497314453125,14.034444258686893,10.159593710995555,16.828906061372017,12.34611225125863
1728303268005821200,23.4098212890625,207.92889210674912,1.0204757804089126,3.3042300081011486,46.84236023354031,163.33889195416123,228.269287109375,10.05150621118827,7.584706679956569,16.828768314843987,12.652261733983915
1728303269005465300,24.40946533203125,208.29643155168742,0.9025555999772352,2.9724077335731436,46.8422797500901,163.70643139909953,226.8046112060547,9.766660225404026,7.592289641670938,16.828640529608318,12.652261733983915
1728303270005131500,25.409131591796875,208.60250494163483,0.9308436164979796,3.0683069208993463,46.84219997588612,164.01250478904694,226.8046112060547,12.701055549554741,10.249178455036036,16.828516703167992,12.483519554114292
1728303271004818000,26.40881787109375,208.8460189262405,0.8653401484335398,2.755007633903807,46.842115821581295,164.2560187736526,224.492919921875,16.682869552009144,13.598694650780923,16.82839536317357,12.630254745458643
1728303272004525800,27.40852587890625,209.2469864822924,0.7838380296948122,2.456740411034488,46.84202935379759,164.65698632970452,222.5998992919922,10.480627111588275,9.030256165877692,16.828279277544546,12.630254745458643
1728303273004252000,28.408251953125,209.73085225000978,1.1571271071111902,3.821054704331009,46.84194175018332,165.14085209742188,219.6477813720703,11.989143084048731,10.717698358042307,16.82816712353013,12.705965995763362
1728303274003994400,29.407994384765626,210.28797924052924,1.4583678376366063,4.83335455844388,46.841852769096526,165.69797908794135,217.53712463378906,12.578739266101241,11.181995718314896,16.828063941425928,12.705965995763359
1728303275003753200,30.407753173828127,210.96318623423576,1.0882050519214714,3.396833510061474,46.84176157591212,166.37318608164787,213.3294219970703,11.146424346819455,10.011120588291732,16.827974717040053,12.200680732704718
1728303276003525600,31.407525634765626,211.65648667234927,1.1766813568719119,3.650244191318808,46.841669771176534,167.06648651976138,213.3294219970703,11.357138277188005,10.197370260022494,16.82788673164383,12.200680732704717
1728303277003316200,32.407316162109375,212.21304771862924,1.1502519126716537,3.8020841425409957,46.84158479437446,167.62304756604135,214.1290740966797,7.950533422999461,7.303906467539938,16.827801191278724,12.178116798378671
1728303278003117000,33.40711694335938,213.13227897323668,1.8852575385344843,9.786714129678257,46.841542273221016,168.5422788206488,214.1290740966797,6.0301244658728335,1.1079137143776263,16.827784066148112,9.002604673112335
1728303279002931700,34.406931640625,213.37276278901845,2.0408413324331827,23.366300363280804,46.84155428119313,168.78276263643056,214.1290740966797,6.00338609818504,1.1300199072630086,16.827771050204923,4.01301446216514
1728303280002758100,35.406758056640626,213.33578225411475,1.982362079724277,76.93357546922128,46.841567434672484,168.74578210152686,214.1290740966797,5.8557171475441105,1.132788880204656,16.827784043280175,1.1114909110840507
1728303281002594300,36.40659423828125,213.27734582219273,1.4315709534166963,180,46.84157192109019,168.68734566960484,214.1290740966797,5.687456164538011,1.3625178997888738,16.8278109486965,0.2793651808530053
1728303282002442200,37.40644213867188,210.73368867207319,1.268638596761521,11.106533302064088,46.84170227892843,166.1436885194853,25.832910233841066,5.518392451013427,1.8362684415375805,16.827927644781727,4.918344780866725
1728303283002299400,38.40629931640625,213.03384194523096,1.4240976362808586,18.968890972136688,46.841651637510694,168.44384179264307,15.667294808546316,5.507425120537999,1.8689049131659567,16.82783531884527,3.253540924625246
1728303284002165800,39.406165771484375,213.13866395689547,1.3524458521930278,13.809711852073768,46.84155051920431,168.54866380430758,217.54917308751303,5.490791144717812,1.9172244620485366,16.827741592456253,4.384257486731564
1728303285002040300,40.406040283203126,211.56377161853015,1.185416974264572,6.513592832426179,46.841458160028616,166.97377146594226,214.26016235351562,5.415904766159388,2.1195548109640545,16.827668406429805,8.855845095983394
1728303286001922600,41.40592260742188,212.48196294810623,1.2554608041338706,6.593756298829667,46.841408458590955,167.89196279551834,214.26016235351562,5.3920974864351265,2.1794085733448028,16.827622344763025,9.112599490943783
1728303287001813500,42.4058134765625,214.06153377704322,1.3607836452333884,7.284833243474181,46.84135933767997,169.47153362445533,213.87928771972656,5.3987005577050216,2.1630000742081177,16.82757445661384,8.65279245919163
1728303288001710300,43.40571044921875,214.9237897982821,1.4333236902017747,6.860568533788967,46.84128990579673,170.3337896456942,213.87928771972656,5.416842513975476,2.1171571060213457,16.827509233269247,9.436229329302265
1728303289001613000,44.405613037109376,214.59885561093688,1.2379633669974097,5.592236937423698,46.84121383857826,170.008855458349,213.93368530273438,5.359874276591566,2.257495242945347,16.82743648383362,10.27081490024878
1728303290001523700,45.405523681640624,215.02214260865003,1.1477661905592211,5.8272750704659435,46.84115838524154,170.43214245606214,213.93368530273438,5.294670007928233,2.406451025874842,16.827378515780705,9.243123968281495
1728303291001439500,46.405439453125,214.25728804338723,1.1625923271070548,7.121010542062998,46.8411063204031,169.66728789079934,213.3851318359375,5.259294353816242,2.4828129073100618,16.827318035983314,7.978927242886971
1728303292001361000,47.40536083984375,216.16090634744614,1.2640037506080481,7.6874346527612945,46.84103832971788,171.57090619485825,213.3851318359375,5.258055609834652,2.4854352207762678,16.827254762629956,7.928454598707798
1728303293001286100,48.4052861328125,215.79032944142818,1.1823218226670122,6.076132448673469,46.84094852016795,171.2003292888403,213.3851318359375,5.253205984318721,2.4956690323652313,16.82716098870215,9.72659799791742
1728303294001216800,49.405216796875,215.35129452031106,1.1377419456605704,5.700271528043207,46.84087007359189,170.76129436772317,213.3851318359375,5.2429122838733235,2.517222242154841,16.827078954353524,10.083791974565354
1728303295001153000,50.40515307617188,215.36791753116995,1.2444304615633053,5.831225261831469,46.84078743035448,170.77791737858206,212.909912109375,5.260545368355761,2.4801611762664937,16.827005615926602,10.126268049313179
1728303296001091800,51.405091796875,216.369501426816,1.257633615160112,5.406665180817937,46.84069635976554,171.7795012742281,213.82659790060669,5.262921401836781,2.4751152197175004,16.826920079282523,10.914275776496124
1728303297001035500,52.405035400390624,216.3615261875093,1.3164596502536485,5.429222323385584,46.84060056431584,171.7715260349214,212.4217375780159,5.266083155051941,2.4683810963599266,16.826833676794564,11.680127556628998
1728303298000983300,53.4049833984375,216.66921793669462,1.3724718678339294,5.412701120091109,46.84050180606782,172.07921778410673,211.41973172531362,5.2717648230506,2.456223255983688,16.82674973635469,12.279923099412803
1728303299000934100,54.40493408203125,217.44503621663898,1.4092377110119463,5.44605634347821,46.84040955793675,172.8550360640511,212.11677098851425,5.291997407402505,2.4123226303365826,16.82667147519161,12.392465832509863
1728303300000887300,55.40488720703125,216.81143880356103,1.3581715765255051,5.509986684279321,46.8403229893403,172.22143865097314,213.60074139699373,5.294215973507484,2.407449741665864,16.826586971696443,12.082851955261768
1728303301000843500,56.404843505859375,216.56378438975662,1.3110803147581838,5.506478924213438,46.840229543104115,171.97378423716873,213.41953556904582,5.269757468952247,2.4605270271246438,16.826499913944584,12.002145039931083
1728303302000804600,57.4048046875,216.6520949760452,1.2870705679920806,5.631919227386454,46.84014355840182,172.0620948234573,215.73031870282153,5.254774407482652,2.4923649330012196,16.82640041197173,11.952240933794112
1728303303000766700,58.4047666015625,217.31691401824355,1.3044915584420855,5.664937171032879,46.84005801499473,172.72691386565566,218.21144104003906,5.252456343190199,2.4972463626302224,16.826291111241694,12.210475306819117
1728303304000730600,59.404730712890625,217.05316786747426,1.3321159311149544,5.6304835256897245,46.839983579622114,172.46316771488637,222.7976837158203,5.225892290833461,2.552368859980122,16.82617091020506,12.286730699949135
1728303305000697900,60.40469775390625,216.30794138275087,1.3308054137447403,5.735408681850227,46.839911258319496,171.71794123016298,229.23220825195312,5.1919441452985255,2.6207352069389236,16.826043987724457,12.458962754935346
1728303306000667100,61.40466723632812,217.08131851442158,1.3668747379698523,5.989917196537682,46.83984001622988,172.4913183618337,231.5050506591797,5.2206654269448824,2.5630430220133347,16.82591853959119,12.497599782496886
1728303307000638500,62.404638427734376,217.71045729424804,1.3541413627310661,5.877955689071836,46.83976008481683,173.12045714166015,233.99337768554688,5.188385591649454,2.6277731989563304,16.825791269000913,12.843180960016795
1728303308000612400,63.4046123046875,217.82027195300907,1.3481526252200413,5.781341119709337,46.83968998719739,173.23027180042118,235.78167724609375,5.155048915617744,2.6925838353479654,16.82564137981141,13.326194983848143
1728303309000588000,64.40458813476563,217.05410333164036,1.3887026329983487,5.743470477913417,46.839623724276066,172.46410317905247,238.87210083007812,5.141421049025747,2.7185155194377364,16.82549005775389,13.658245496209501
1728303310000565000,65.40456494140625,217.83591620065272,1.383943443963806,5.665606598204828,46.83957243525376,173.24591604806483,237.47982788085938,5.1269902472532545,2.7456343597352593,16.825339222971486,13.277651679253305
1728303311000542500,66.40454248046875,218.0773745458573,1.389337163102289,5.627725589411092,46.839496713360205,173.48737439326942,233.10211181640625,5.1128304496243935,2.771913026446259,16.82519697767566,13.436887011643627
1728303312000523500,67.4045234375,216.93634824547917,1.4056209639606034,5.670102799302604,46.83942023771345,172.34634809289128,231.03317260742188,5.110829892592612,2.7755999066455197,16.825059055515144,13.58052656344534
1728303313000504300,68.40450439453124,217.83566285762936,1.3780625906374755,5.717890623656752,46.83933882914139,173.24566270504147,228.287353515625,5.1079933115083165,2.7808166718385334,16.824935853334175,13.42641656836451
1728303314000487000,69.40448681640625,215.66220520902425,1.290844065588282,5.576063506404696,46.839245198429275,171.07220505643636,222.07522583007812,5.078135810295339,2.8349733199776215,16.824846326916923,12.768296181497416
1728303315000471000,70.40447094726562,217.05447644460946,1.2486708886531497,5.496518795774767,46.839161658833355,172.46447629202157,212.89170837402344,5.061966077860933,2.863745180593769,16.824742362087694,12.08639614059272
1728303316000455400,71.40445532226562,217.6775038903579,1.2989028230747037,5.383557322446579,46.83906231039775,173.08750373777002,208.02386474609375,5.059408716512254,2.868260879360289,16.824653261395564,12.10775008067461
1728303317000442000,72.40444213867187,217.25558272190392,1.321001237202436,5.257981595729099,46.83895331014014,172.66558256931603,203.98153686523438,5.0476972318250155,2.8888215051496196,16.824577102943927,12.394771433363939
1728303318000428800,73.4044287109375,217.3804270196706,1.3382689890319288,5.229882943924036,46.83884896002264,172.79042686708272,201.5369110107422,5.050216035473147,2.8844158902347488,16.824511450552368,12.277465375691044
1728303319000416800,74.40441674804687,218.23192754015326,1.3039828394350306,5.215900329995581,46.83874515216041,173.64192738756537,197.74185180664062,5.034239500470704,2.9122104464975234,16.824457338380828,12.059674712787329
1728303320000405200,75.4044052734375,218.35410330910236,1.3386913884189344,5.195670110645685,46.838636065306204,173.76410315651447,195.8894805908203,5.029392101803577,2.92057393659271,16.824407560407472,12.370287906390779
1728303321000395800,76.40439575195313,219.07681735791266,1.3868870818301295,5.17688424141528,46.83852247741058,174.48681720532477,193.640625,5.026975797675379,2.9247309897450084,16.824364492165095,12.823136085193076
1728303322000385800,77.4043857421875,218.37837205920368,1.3603342832298082,5.182899737527648,46.83841625300156,173.7883719066158,189.20823669433594,5.019914246303162,2.9368346893469157,16.824337256629235,12.447821087213846
1728303323000377900,78.4043779296875,219.51718490198255,1.3442255904770086,5.188997708247607,46.83830888194627,174.92718474939466,189.20823669433594,5.014660392000661,2.9457966979560233,16.824311889093266,12.30011024441859
1728303324000369200,79.404369140625,219.44030516408384,1.3877820448304614,5.241829473610375,46.838186716111366,174.85030501149595,179.2906036376953,5.025082884815063,2.9279820753426002,16.82430915062427,12.725951994153185
1728303325000362000,80.40436206054687,219.59183269925416,1.3758163244679016,5.333235774026536,46.83807434999476,175.00183254666626,171.44265747070312,5.040890785804867,2.9006821815525443,16.824327985527038,12.588714372201284
1728303326000355800,81.40435595703126,219.48500068020076,1.2704004964546065,5.560301082960071,46.83797319292144,174.89500052761286,164.55819702148438,5.035528636770557,2.9099808214234835,16.824370311034606,11.862012137616421
1728303327000349000,82.40434887695312,220.52230584807694,1.2433803988432224,5.809609029584109,46.837865829491186,175.93230569548905,156.62939453125,8.021221913330548,2.9035841697121296,16.824430821037478,11.67145923903259
1728303328000343800,83.40434375,220.49784096051008,1.1668442702852029,6.0245575323274645,46.837768953858394,175.90784080792218,156.62939453125,10.274150252592005,2.941236033151076,16.824491825801278,11.372129044958747
1728303329000338400,84.40433837890625,220.388243294321,1.1908412952535166,6.199455604234552,46.837673997852704,175.7982431417331,151.03701782226562,10.264055145417883,2.892106351184195,16.824575880257495,10.934383134637782
1728303330000334000,85.404333984375,221.6366638438776,1.2921029848657992,6.401108373417396,46.83758615018047,177.04666369128972,152.48635864257812,10.443553881952154,2.814983466228103,16.824644094676188,10.824435716062878
1728303331000329700,86.40432983398438,221.85485357325524,1.2586216868083708,6.276946687580539,46.83748780533203,177.26485342066735,154.30386352539062,10.142757032603592,2.730581071953091,16.824712577713537,11.407411455876925
1728303332000326700,87.40432666015624,223.30458410736173,1.3017992609362914,6.19596070774827,46.837389795026596,178.71458395477384,155.10191345214844,10.155304112598886,2.6680946299413044,16.824779016353304,11.830343652145464
1728303333000322000,88.40432202148438,224.33107052743435,1.3007187091926462,6.170402497592361,46.83729239750597,179.74107037484646,156.435546875,9.735124713116733,2.6581546144730965,16.82484216767239,12.11253066161347
1728303334000319500,89.40431958007812,224.21686271671206,1.2923799968166172,6.047989984907423,46.837202329860965,179.62686256412417,159.4915313720703,8.807605400063498,2.641823416716889,16.82489425663612,11.988854653638144
1728303335000315600,90.40431567382812,224.24694273155183,1.4624459842028201,6.774004140746817,46.837129559649135,179.65694257896394,160.41241047995746,5.281989316773625,2.434158148165013,16.825042080083424,12.036964150748142
1728303336000313300,91.40431323242187,226.66613241285086,1.4817406182578508,6.880424881760529,46.83702971325646,182.07613226026297,161.6212013480777,5.338776906988346,2.3069456365932828,16.825090917629936,11.89717099599497
1728303337000311600,92.4043115234375,228.36954577080905,1.420349136203314,6.228918086913106,46.836918206906276,183.77954561822116,163.74310290970735,5.332290889368186,2.321898125230708,16.825135003448754,12.239179333746467
1728303338000310300,93.40431030273437,228.23429272323847,1.4017526454267912,5.948022670643389,46.8368091747509,183.64429257065058,163.1644589770277,5.334114546482094,2.317705554594233,16.825189818555163,12.529727842807164
1728303339000308500,94.40430859375,228.9730990016833,1.368486053211487,5.872539214647582,46.836696850703426,184.3830988490954,163.90784481867703,5.316554352262775,2.35770796584831,16.825232930679423,12.539913386192278
1728303340000307500,95.40430737304688,230.07638548035175,1.3766429331771632,5.775869963557185,46.83658704487692,185.48638532776386,164.99087055772833,5.322305401298044,2.3446966217620795,16.82526533696628,12.382762598733077
1728303341000306000,96.40430590820313,228.95620886050165,1.3676435175749673,5.782950100521066,46.83648012182353,184.36620870791376,166.87406546390116,5.342368679743696,2.298615653492867,16.82529361006792,12.213744239386708
1728303342000304600,97.4043046875,229.65362452156842,1.3978949720659921,5.908018900800401,46.836370536145786,185.06362436898053,167.81020226756368,5.351457493510532,2.277375622935051,16.825324154916785,12.155836889713909
1728303343000304600,98.4043046875,231.7003281917423,1.3564620400072307,5.760421175377192,46.83626658816323,187.1103280391544,168.53530251532496,5.355827008403095,2.267080521033336,16.825359282641358,11.992029612356282
1728303344000302600,99.40430249023437,230.75083665177226,1.3628145488355468,5.738053866847331,46.83614632488061,186.16083649918437,170.50863647460938,5.360352118809333,2.256360386809946,16.825294691969088,12.097575181570443
1728303345000302800,100.404302734375,229.80726539809257,1.3955024130685634,6.0908113351233455,46.83604421931076,185.21726524550468,172.85292053222656,5.51488646055521,2.218899491276446,16.825312526467695,11.879732514420049
1728303346000302800,101.404302734375,229.86488085705787,1.4279440157425984,6.185625358149947,46.83594546161187,185.27488070446998,177.00405883789062,5.641923725521695,2.198177519218155,16.82532249801978,11.85676307304548
1728303347000303000,102.40430322265625,229.98678848147392,1.3969696838997312,6.207927175562365,46.83585182255076,185.39678832888603,177.60662841796875,5.6528959817803965,2.2545868038804007,16.825328422903596,11.189684004524858
1728303348000303900,103.40430395507812,228.85596321057528,1.1645555601595257,5.604110039081839,46.835763479632,184.2659630579874,177.07998657226562,5.283193255710807,2.4315439653850968,16.825339695370925,10.192526143100778
1728303349000303400,104.40430346679688,228.84118239860982,1.3234035607673456,6.067738906626799,46.835672439581,184.25118224602193,176.29714965820312,5.29682244472404,2.401709603981396,16.825347979711587,10.013243872221802
1728303350000303600,105.4043037109375,229.04547515977174,1.4600260601822597,6.633492248627914,46.83558833744681,184.45547500718385,176.29714965820312,5.3359468991135355,2.313483892883088,16.82535591130039,9.971900552962493
1728303351000303900,106.40430395507812,229.02305439207703,1.4924512717116982,6.664768693778857,46.83549986823889,184.43305423948914,176.17422485351562,5.371108060434741,2.230635612537777,16.825364409460853,10.287277934329785
1728303352000304000,107.40430419921876,228.08905264735222,1.4838128199576148,6.161027783849807,46.835399899790815,183.49905249476433,175.58767700195312,5.296178019186471,2.403130338095482,16.825359205172393,10.82233526511454
1728303353000304600,108.4043046875,228.20121750980616,1.4030091236547102,5.57334406617186,46.83528273515663,183.61121735721827,175.58767700195312,5.275770954068751,2.447606560089538,16.82537530937938,11.677385785787692
1728303354000305700,109.4043056640625,227.58331217430532,1.3945214376853055,5.511126694312984,46.83517096282225,182.99331202171743,175.58767700195312,5.249689523477312,2.503057518292654,16.825396251472164,12.31326408682942
1728303355000307200,110.40430712890625,226.98117825575173,1.3914000536944897,5.594227526141418,46.83505673220859,182.39117810316384,176.8963623046875,5.229047986988705,2.545897520042433,16.8254046407188,12.745864211341338
1728303356000308200,111.40430810546874,225.12080165278167,1.4049965453764368,5.538408330042856,46.8349489465365,180.53080150019377,176.8963623046875,5.204680944064597,2.595348397283049,16.82542018088695,12.73804576404316
1728303357000309000,112.40430908203125,222.39347513392568,1.3627394489433546,5.562105008892778,46.83485405731496,177.80347498133779,174.27182006835938,5.171582218404987,2.660690585368052,16.825447097569015,12.03821109842424
1728303358000310000,113.40431005859375,222.04513308219612,1.3135478351736898,5.70124004463118,46.83475037386777,177.45513292960823,168.65602111816406,5.132190369933861,2.735901869502445,16.825451546434454,11.703457047190891
1728303359000311000,114.40431103515625,221.91693394817412,1.2583379470274396,6.006916368826747,46.83465029098095,177.32693379558623,158.4381866455078,5.1166802467624946,2.7648002251843313,16.825497686430438,11.385644710305378
1728303360000313600,115.40431372070313,221.0876401476562,1.2766829400855546,6.255763685922503,46.834553935795476,176.4976399950683,145.16085815429688,5.104024708231819,2.788094117950099,16.825589217516143,11.256446493406408
1728303361000313300,116.40431323242187,221.09976397268474,1.4684671528059325,7.1910459848503985,46.834470904039435,176.50976382009685,139.31134033203125,5.150713764000171,2.700867407728122,16.825686340325554,11.105351356074618
1728303362000315400,117.4043154296875,219.8920803256333,1.3034030553304146,6.214822553375442,46.83438213380282,175.3020801730454,131.62301635742188,5.170516627650911,2.6627607545504888,16.82581861169288,11.664472302580625
1728303363000316200,118.40431616210938,217.66468528285623,1.2619766557680372,6.032851052198495,46.83430784395645,173.07468513026834,123.32623291015625,5.176285762403554,2.6515283778845564,16.82596844227688,11.635820188970309
1728303364000317200,119.40431713867187,216.917580046691,1.2902910278054174,5.791371397121456,46.83425305866552,172.3275798941031,112.8691635131836,9.304644097363932,2.6686217721048924,16.826128562845504,11.41337290783435
1728303365000320000,120.40432006835937,217.0829413421452,1.3150010233156535,5.994201621042754,46.83422610155571,172.4929411895573,100.09437561035156,5.21085214335963,2.5829357275846405,16.82630576768883,11.439470226515095
1728303366000321300,121.4043212890625,214.30230662692338,1.3050255537548539,6.361901668742848,46.834217772531055,169.7123064743355,92.85360717773438,5.302732251926925,2.388633018519764,16.826471974957453,11.610809984726073
1728303367000323300,122.4043232421875,213.94762521795928,1.3299346232422624,6.719749340586362,46.834222333784076,169.3576250653714,86.64349365234375,5.39396585982251,2.174780295997286,16.826626342846748,11.244355100445736
1728303368000325000,123.4043251953125,216.06203449890018,1.3532830764472334,6.2582733441099005,46.834257259056564,171.47203434631228,73.78697204589844,5.367016293455432,2.2404627063561544,16.826811284227485,11.37996799596782
1728303369000326400,124.40432641601562,211.9838468041271,1.2642116688865737,6.240369376478981,46.83430323515944,167.3938466515392,65.39021301269531,5.343954893966504,2.2949255160114217,16.826958755765286,10.758990272393351
1728303370000327700,125.40432763671875,210.2902737762779,1.1778208419479708,6.101822862506672,46.834363028181,165.70027362369,60.04335021972656,5.284648788859456,2.4283789266082665,16.827099325181983,10.867421603623988
1728303371000330000,126.404330078125,211.13374277297407,1.1583419302954354,6.054447750497959,46.83443983538651,166.54374262038618,50.17937469482422,5.219555970984372,2.5653016389014045,16.827209526685348,10.591915428279378
1728303372000331500,127.40433154296875,209.361903979443,1.17679558676461,6.198589294984198,46.834497005458665,164.77190382685512,47.76344680786133,5.1946882840743465,2.6152916977059286,16.82730410067996,9.830179831979015
1728303373000333300,128.40433325195312,209.28088033758104,1.2722591377024373,6.468497549335078,46.83455621617493,164.69088018499315,45.088279724121094,5.187449121415623,2.6296213882445354,16.827392060709368,9.398346439163422
1728303374000337400,129.40433740234374,209.03867672849447,1.1916750987816505,6.752795058483002,46.83460806731096,164.44867657590657,43.554283142089844,5.167311509435297,2.6689752335393346,16.827464296300974,8.376592812778036
1728303375000337700,130.40433764648438,209.03981902450323,1.1361918431445708,7.081924996096813,46.83466205727592,164.44981887191534,43.554283142089844,5.122120822579825,2.7547078450686935,16.82750853813954,7.325100324640544
1728303376000338400,131.40433837890626,208.8846048200503,1.0874878150304137,8.844952224433246,46.83470220763673,164.2946046674624,42.468650817871094,5.119748493880981,2.7591144217288748,16.827571762175094,6.718304722131088
1728303377000340500,132.40434057617188,209.4034021301195,1.0369914429972116,11.359317731634778,46.834719207819994,164.8134019775316,42.468650817871094,5.115914830836175,2.7662162743392478,16.82763233104675,5.537868096535884
1728303378000343600,133.40434350585937,209.24395637214184,1.0203955105306302,11.605844455237655,46.834733472341256,164.65395621955395,75.63325127174585,5.093759060410009,2.8068052421355825,16.827667498003567,4.848800063358668
1728303379000345300,134.40434545898438,209.2246930114925,1.1710432553826549,12.950061358593075,46.834751673838426,164.6346928589046,85.450866657193,5.105069968953806,2.7861797581769228,16.827691665480597,4.5983564039199365
1728303380000347100,135.40434716796875,209.40262848231941,1.1956151150740444,12.019354472697835,46.83466458300456,164.81262832973152,133.37525939941406,5.092440357483801,2.8091970807081337,16.82778082927339,4.586033719770242
1728303381000349000,136.40434887695312,208.91333932988346,1.2862179472787258,12.369153178174038,46.834628962994174,164.32333917729557,133.37525939941406,5.111783472306545,2.7738433202043833,16.82783576723285,5.108286712043276
1728303382000351500,137.4043515625,209.09500627871603,1.162782041210206,8.701677202726945,46.834580499466426,164.50500612612814,133.37525939941406,5.0960808276883895,2.8025875955009236,16.827910514047783,6.534211679677571
1728303383000353300,138.40435327148438,209.019790799357,1.14322109317281,7.194710756906499,46.8345231888221,164.4297906467691,133.36441040039062,5.121424055589239,2.7560030253286563,16.827998915784512,8.100701408167927
1728303384000354600,139.4043544921875,208.7493250304833,1.153395099893805,6.088465861490502,46.83444909299728,164.15932487789541,133.67947387695312,4.803726540313788,3.278528383081922,16.82810726187116,9.239853087480332
1728303385000357000,140.40435717773437,208.0651267245412,1.1348001343336434,5.633107046401146,46.8343875414302,163.4751265719533,133.788330078125,4.821091530283909,3.2529392077648165,16.828208455261997,9.789693862185679
1728303386000359400,141.404359375,207.27990882843733,1.163548607605242,5.875065405600421,46.83432725076508,162.68990867584944,134.37625122070312,4.884836260114338,3.156408044702239,16.828308144210155,9.826799772730807
1728303387000362000,142.40436206054687,206.69218156579882,1.0947403344622262,5.744692275207571,46.834266930717654,162.10218141321093,134.37625122070312,4.911250505644973,3.115149354941242,16.82839470901586,9.435919838897485
1728303388000363300,143.40436328125,205.57364189904183,1.1004070602149132,6.062571339067746,46.83421060092023,160.98364174645394,134.91152954101562,4.939563341167888,3.0700571707020647,16.82847188521654,8.617268605240712
1728303389000365800,144.40436572265625,204.16482829954475,1.1421863322791486,7.002050413628854,46.834163794171225,159.57482814695686,134.91152954101562,4.958504848869704,3.0393694570625125,16.82853725651708,7.32649278824126
1728303390000367600,145.40436767578126,204.3820809321478,1.134445957417344,8.789974292599748,46.83413084543961,159.7920807795599,134.9116973876953,4.980075915130235,3.0038942911375206,16.828583975614666,5.698642225856104
1728303391000370400,146.40437036132812,204.05426280852407,1.1072883166534786,12.842182963872169,46.834120934708984,159.46426265593618,134.9116973876953,4.99418031680277,2.980385880393448,16.828610625593406,3.6079428005181033
1728303392000371500,147.40437133789064,204.19555013533682,1.1184749664861997,20.827688201499694,46.83411546539822,159.60554998274893,135.4680633544922,5.015383457526281,2.944565469939591,16.8286245899662,2.15376990638699
1728303393000374800,148.40437475585938,204.279635341838,1.0974214750166542,37.78565234955391,46.83411566846665,159.6896351892501,134.91152954101562,5.042222224616293,2.8983671386445082,16.828627639932137,1.1262567162132344
1728303394000377000,149.40437719726563,204.32380002178252,1.0710824170293418,61.24893022380392,46.83411530774831,159.73379986919463,134.9116973876953,5.06971820444934,2.849999010572423,16.828629472560884,0.6563187829352555
1728303395000379000,150.40437890625,204.77734173927456,1.2154595957428034,123.39777197659208,46.83411243846935,160.18734158668667,134.9116973876953,5.087658101292652,2.8178488385894798,16.82862928633641,0.43416736301378606
1728303396000381000,151.404380859375,204.83554210606962,1.0834944154095356,41.74091381214564,46.834110742051415,160.24554195348173,134.9116973876953,5.106766237443263,2.7830694617451455,16.82864363105406,1.1343551523243345
1728303397000383000,152.40438305664063,205.1268654903397,1.1268970041763948,19.126081159893104,46.83408264898288,160.5368653377518,135.4680633544922,5.13780751753309,2.7253386845618497,16.828656198076946,2.421579992517206
1728303398000384800,153.404384765625,205.50613985396922,1.161586855380624,13.527643757803673,46.83405724802342,160.91613970138133,135.4680633544922,5.15920928159794,2.6846036246460123,16.828692613733327,3.424189088086923
1728303399000387000,154.4043869628906,206.21686059981585,1.1876881808701638,12.411120712835283,46.83403191158791,161.62686044722795,135.4680633544922,5.143340998458032,2.714881287712149,16.828728936903406,3.7984840610228687
1728303400000389600,155.4043896484375,205.6822911305353,1.2071361053637908,12.724647540312253,46.83400417136014,161.0922909779474,135.34251403808594,5.1613652558546805,2.6804562537831096,16.82876891549487,4.007881857686906
1728303401000392000,156.40439184570312,205.72047555167228,1.1568328671382921,13.3014350168708,46.833977819508256,161.1304753990844,135.34251403808594,5.174843800514572,2.6543414763486513,16.82880686031026,3.721440776477388
1728303402000411400,157.40441137695314,205.01879702787846,1.1169056886672577,18.252602340870332,46.83396469264397,160.42879687529057,135.67562866210938,5.168224993620949,2.6672059253272113,16.828825574529205,2.513200390255487
1728303403000396300,158.40439624023438,204.86361298710108,1.13328539113542,30.637515387184404,46.83396001254084,160.2736128345132,135.67562866210938,5.163292325641332,2.676742309741855,16.828832235620244,1.4943898344453626
1728303404000397600,159.4043974609375,204.79288313630968,1.0918959644991426,48.25302674558921,46.83395819523905,160.2028829837218,135.67562866210938,5.1245196183582875,2.7502428463410054,16.828834822158736,0.8910686678135727
1728303405000400600,160.40440063476564,204.76224015373737,1.2506983819582742,142.2862521328288,46.83395828813947,160.17224000114948,135.67562866210938,5.100441936033328,2.7946429270912994,16.82883468993212,0.3688183524436502
1728303406000402400,161.40440234375,204.7067998200655,1.0901510543799289,180,46.83396053782746,160.1167996674776,135.67562866210938,5.103818169398387,2.7884721849980374,16.828831487986168,0.024434163379059924
1728303407000405800,162.40440576171875,204.64094403479248,1.1260557615567541,180,46.83395975165089,160.0509438822046,135.67562866210938,5.101315500087067,2.793048012720202,16.82883260694883,0.06621206163578675
1728303408000407800,163.40440771484376,204.58814647328109,1.0750248841479022,180,46.83396079830599,159.9981463206932,135.67562866210938,5.069461005713207,2.8504564799944028,16.82883111726664,0.0450243843884683
1728303409000410000,164.40441015625,204.46451181266457,1.1144206609389438,180,46.8339611761864,159.87451166007668,135.67562866210938,5.049376611064804,2.8858851107451495,16.828830579429546,0.053974487717433774
1728303410000412000,165.40441186523438,204.35025243647397,1.106937769934293,180,46.83396153058279,159.76025228388608,135.67562866210938,5.023221297423306,2.9311746501874896,16.828830075020228,0.060205619940897306
1728303411000414500,166.40441455078124,204.30535594373941,1.1120681401734154,180,46.83396254178895,159.71535579115152,135.67562866210938,5.0134508703668,2.9478547120248666,16.828828635789776,0.07244129914137819
1728303412000415200,167.40441528320312,204.3718171818182,3.7292505600989623,180,46.83396249395773,159.7818170292303,135.67562866210938,4.99477275083404,2.9793929247943454,16.828828703871498,0.1341157517410698
1728303413000418300,168.40441821289062,204.13528364151716,3.8437916494212043,180,46.83396017430227,159.54528348892927,135.67562866210938,4.978767231780564,3.0060628543889316,16.828832005388005,0.4720474097816367
1728303414000420600,169.40442065429687,204.03589475806803,3.859794839382341,180,46.833957854534155,159.44589460548013,135.67562866210938,4.968515055649104,3.0229778653799326,16.828835307060203,0.37837566718243465
1728303415000423200,170.40442309570312,204.28521059080958,3.6980494138924853,180,46.83395956868638,159.6952104382217,135.67562866210938,7.8827256238825365,3.0273709838058833,16.828832867355324,0.01835701457312643
1728303416000425200,171.40442529296874,204.34534470550716,3.6801399701432573,180,46.83396116543627,159.75534455291927,135.67562866210938,8.089070866030648,3.040558328282064,16.828830594731812,0.0257348029810563
1728303417000427300,172.40442724609375,204.26221311558038,3.682081602099836,180,46.83396110306356,159.6722129629925,135.67562866210938,8.318907231778173,3.0493673924069884,16.828830683497337,0.0531809174547648
1728303418000429600,173.4044296875,204.22726846579462,3.716626556300942,180,46.833960064329524,159.63726831320673,135.67562866210938,8.388559132949043,3.055281141258341,16.828832161907336,0.07407524208997954
1728303419000432400,174.4044323730469,204.2871934082359,3.72106158451291,180,46.83396025377191,159.69719325564802,135.67562866210938,8.477526993338033,3.060398853127884,16.828831892278895,0.06722084274044896
1728303420000434400,175.40443432617187,204.21781954355538,3.676297065441807,180,46.83396086988105,159.6278193909675,135.67562866210938,8.618549765159853,3.0705418676029805,16.828831015393412,0
1728303421000436200,176.40443627929687,204.21781954355538,3.667468369527732,180,46.83396086987993,159.6278193909675,135.67562866210938,8.618549951622674,3.0795742351101594,16.828831015391746,0
1728303422000439600,177.404439453125,204.21781954355538,3.665466626375363,180,46.8339608698783,159.6278193909675,135.67562866210938,8.618550224363338,3.0840323465526653,16.828831015389312,0
1728303423000440300,178.4044404296875,204.21781954355538,3.6627915741325863,180,46.83396086987629,159.6278193909675,135.67562866210938,8.618550558793666,3.090474025304322,16.828831015386328,0
1728303424000443400,179.404443359375,204.36254724487662,3.8890373961809717,180,46.83395863190806,159.77254709228873,135.67562866210938,8.923277862601665,3.096931005282407,16.828834200644252,0.43766606634241517
1728303425000445400,180.40444555664064,204.28494663443416,4.3420102948706285,176.65034014421315,46.833948523425626,159.69494648184627,135.67562866210938,8.506635033697874,3.0852016249476946,16.828848587862563,1.4803511518746422
1728303426000447200,181.404447265625,204.6243759598583,3.2146956484607827,180,46.83393064810548,160.0343758072704,135.5706329345703,4.942100470084107,3.065971294122516,16.828874084163058,2.8263544760469883
1728303427000450000,182.40444995117187,205.12336266878992,3.105206998951059,37.49166198710826,46.83391034314655,160.53336251620203,135.5706329345703,4.954656629850213,3.0456386379657987,16.828903089957468,3.562468755910039
1728303428000452600,183.40445263671876,205.12039390206337,2.9474188118487876,31.09133974508475,46.83390096098851,160.53039374947548,184.34287636097753,4.950573592692834,3.0522709801263073,16.82894138573538,4.296027505851614
1728303429000455000,184.40445483398437,205.0310949422419,2.9228272713428916,27.646192315311293,46.83386329862248,160.44109478965402,222.36154174804688,4.968761526910228,3.0225727322077094,16.828893267713543,4.693176777466561
1728303430000456700,185.40445678710938,204.75155984517187,2.8608745340808244,23.4267695022325,46.833824292140356,160.16155969258398,221.58375549316406,4.959511793333309,3.0377260911044397,16.828841167199254,5.192625264995193
1728303431000459000,186.404458984375,205.48427218291909,2.7063764710484257,17.060590124069222,46.833780060339045,160.8942720303312,220.4759979248047,4.961447637255713,3.034563292396212,16.828780275511427,6.628810579209358
1728303432000461600,187.4044616699219,205.52043393068016,2.563359786160642,13.31809573779641,46.83372131808702,160.93043377809227,218.8826904296875,4.966194010147879,3.0267894023800475,16.82871482435584,8.117275849748632
1728303433000463400,188.40446337890626,206.62752159684896,2.4687876040126393,11.112793244586356,46.83365185769801,162.03752144426107,217.23143005371094,4.987632411641933,2.991330800685158,16.82864038861814,9.442934733944078
1728303434000466200,189.40446606445312,207.02270832657814,2.3785449067400366,9.621741885164386,46.83356754550061,162.43270817399025,213.61148071289062,5.000924998108406,2.969054764749763,16.82856265875502,10.639888038007202
1728303435000468500,190.40446850585937,207.49249723367393,2.369559880452982,9.795152198545676,46.83348317446041,162.90249708108604,211.64028930664062,4.99750664834372,2.97480492344442,16.82849408132754,10.49842499686443
1728303436000470300,191.40447021484374,207.7702475907281,2.3582382185010338,9.981715519941632,46.83339325914693,163.1802474381402,209.8206329345703,4.980950184884953,3.002444385577091,16.82843640105774,10.310376052087243
1728303437000473600,192.4044736328125,207.33798996079713,2.284258488240975,9.779282614087435,46.833303413203815,162.74798980820924,207.06735229492188,4.9874092339192435,2.9917028873546085,16.828370481492584,11.095297827165222
1728303438000474600,193.404474609375,207.73078912962228,2.2421622609345255,8.928227643076477,46.83320153515782,163.1407889770344,203.5968780517578,4.989254496693248,2.98862453312808,16.8283087028156,12.061617120264055
1728303439000477700,194.40447778320313,207.89029539283365,2.2511934927555033,8.216399058369758,46.833103731896074,163.30029524024576,200.3804168701172,4.961005835710008,3.0352855105969985,16.82822478859783,12.964892611675447
1728303440000480300,195.4044802246094,209.23030947800726,2.224311320851199,7.6767685664912335,46.83298579856344,164.64030932541937,198.64410400390625,4.973381520378386,3.014964889604455,16.828172725575186,13.54888862877403
1728303441000482300,196.404482421875,209.28779053874314,2.2182457171594323,7.348408704466768,46.83286052440942,164.69779038615525,193.6685333251953,4.997699623596977,2.974480711836517,16.828129110702868,14.042331220708457
1728303442000484400,197.404484375,209.8870556857437,2.2278873786527926,7.23781581433748,46.832733669675044,165.2970555331558,189.8242950439453,5.019709999145823,2.937183779960709,16.828092859182327,14.33691440719581
1728303443000487200,198.40448706054687,210.38772984407842,2.2090353255761626,7.253462515828357,46.83260463454838,165.79772969149053,186.32518005371094,5.0259118547194,2.926558911312028,16.828067237707163,14.314486985016151
1728303444000488700,199.40448876953124,210.14040443487465,2.229285539290573,7.902551383433714,46.832481278772605,165.55040428228676,186.32518005371094,5.031892192539685,2.916264390525488,16.828046758678916,13.360671965054253
1728303445000491300,200.4044912109375,209.83489028643817,2.2295216089774677,8.636192223126468,46.832370292244825,165.24489013385028,184.37522888183594,5.018347627549035,2.9395108643891428,16.828030026615178,12.290371382184714
1728303446000494000,201.404494140625,209.27907515875995,2.223425684985778,9.456125261889282,46.83226939422687,164.68907500617206,183.58758544921875,4.999705936859997,2.9711071299627902,16.82802707021128,11.334211027063505
1728303447000495900,202.40449584960936,208.75652977079153,2.2962929964181322,9.873806333759159,46.83217564476893,164.16652961820364,183.25003051757812,4.983981714757359,2.9974094314512865,16.827997309414247,10.486695131926393
1728303448000498200,203.4044982910156,208.26911044865847,2.3597129450178453,10.997399451596328,46.83209330787251,163.67911029607058,182.98733520507812,4.9726686825113084,3.0161404487788834,16.827990985032436,9.640815464752816
1728303449000500200,204.40450024414062,207.87259971909225,2.453062104782563,12.90321596583363,46.8320195179993,163.28259956650436,182.98733520507812,4.972293415066976,3.016759060195299,16.827985374007312,8.525108223914543
1728303450000502300,205.40450219726563,207.61596390232444,2.520332107936891,15.312341842865765,46.831956335249004,163.02596374973655,182.55580139160156,4.967927972036423,3.0239425750908215,16.827981130506778,7.367343247692455
1728303451000505000,206.40450512695313,207.0280937505886,2.5685584145658362,17.315027744055605,46.83189942122688,162.4380935980007,182.55580139160156,4.963942648243052,3.03048022889815,16.82797742880273,6.6305856928589195
1728303452000506400,207.40450634765625,207.00534177944064,2.645458921699386,18.82306073201607,46.83184358994307,162.41534162685275,182.55580139160156,4.957506991338918,3.040996787833651,16.827973797519576,6.282508599451174
1728303453000509700,208.404509765625,207.10856681782752,2.606904393937785,17.59459127001001,46.8317848299614,162.51856666523963,182.55580139160156,4.946297514619248,3.0591956344209645,16.82796997575397,6.626892473122787
1728303454000511000,209.40451098632812,206.9212207943201,2.5438359368519055,15.40329195927242,46.83171693041667,162.33122064173222,182.55580139160156,4.94559815036792,3.060326121161966,16.827965559542786,7.384923407469946
1728303455000514000,210.40451416015625,206.9885876197368,2.454889368317217,13.234289094107032,46.83164165974664,162.3985874671489,182.55580139160156,4.949174193696178,3.0545395452081845,16.8279606639227,8.296667221880872
1728303456000516400,211.40451635742187,207.44914281740785,2.3934625923633845,11.487666498450755,46.831556896662455,162.85914266481996,182.8327178955078,4.949845323684051,3.0534518670501365,16.827954737405964,9.330122015693258
1728303457000519000,212.40451879882812,207.58289152476937,2.3175938135521474,10.257243464860954,46.83146524980043,162.99289137218148,182.8327178955078,4.953094874787525,3.0481778481811697,16.82794812983226,10.090687883339582
1728303458000520400,213.4045205078125,207.29504592251033,2.3226218642030965,10.461198406777628,46.83137452312553,162.70504576992244,182.44427490234375,4.957208847347586,3.0414827759774754,16.82794194809812,9.945119115180011
1728303459000523000,214.40452294921874,207.1583945993334,2.37476588857196,10.97272048903348,46.831286006826026,162.56839444674551,182.44427490234375,4.948620558983489,3.0554364002536163,16.827936442496593,9.692918988626287
1728303460000525600,215.40452563476563,207.13155791256577,2.3135584169186094,9.731266851811979,46.83118866631249,162.54155775997788,182.44427490234375,4.955344155623974,3.0445198853205344,16.827930387986978,10.645670476720646
1728303461000527000,216.40452709960937,207.10615229886025,2.193844872252379,8.941831772235531,46.83108165121157,162.51615214627236,182.44427490234375,4.959915513580715,3.0370668630983704,16.827923731682542,11.852839593379592
1728303462000529700,217.40452978515626,207.58266053628176,2.1795282814494334,8.102854218246785,46.83096712633845,162.99266038369387,183.37710571289062,4.965587363704766,3.0277845310068536,16.82791307587364,12.985672225779643
1728303463000532000,218.40453198242187,207.93839759379625,2.136465491544154,7.590849390631189,46.83084209903053,163.34839744120836,182.9137390694972,4.979648977626597,3.0046019856898223,16.82795571500673,13.573619974358875
1728303464000533800,219.40453369140624,207.9171272125095,2.177629441262782,7.803400839981873,46.830721313376735,163.32712705992162,182.99669493188205,4.975116444351388,3.012101159976743,16.82794867342713,13.46235768853906
1728303465000536300,220.40453637695313,207.7275851527229,2.1635897577430456,7.84572630344695,46.830603869109595,163.137585000135,183.31087009562424,4.980302604728631,3.003518436454493,16.82794053697526,13.283371838591123
1728303466000538400,221.4045383300781,208.0260402970016,2.1780308728621445,8.01723148732829,46.8304856547156,163.4360401444137,183.28104048711884,4.9841370322421845,2.9971511601220433,16.827932153501738,13.091975761387408
1728303467000541200,222.40454125976564,208.23782431799918,2.165823800177371,7.9115523814122914,46.83036687730171,163.6478241654113,182.85543823242188,4.990392450732023,2.9867239946914514,16.82787123707925,13.221086292805268
1728303468000543200,223.40454321289062,208.48361600749195,2.147967036052937,7.730027151878583,46.830244247091535,163.89361585490406,182.85543823242188,4.996946549521123,2.9757456568090244,16.827862324630196,13.431849270501994
1728303469000545000,224.404544921875,208.69277746602893,2.145606070681558,7.5288691058114106,46.830120640259565,164.10277731344104,182.47344970703125,5.011156327042384,2.951753597225202,16.827852596259117,13.778764423656797
1728303470000548600,225.40454858398436,208.84747848287225,2.1575131844729327,7.611995425132716,46.82999659925704,164.25747833028436,182.47344970703125,5.028825514695382,2.921549413502629,16.827844788876114,13.703214057131149
1728303471000550000,226.4045498046875,208.9125667307526,2.1787551207349836,7.6881104505894395,46.82987004637967,164.3225665781647,182.47344970703125,5.041347315149414,2.8998886669706176,16.827836823388466,13.716929183419797
1728303472000552200,227.40455224609374,209.08886434976012,2.140928118382959,7.267030244473185,46.82973985475088,164.49886419717222,183.06234741210938,5.040543940171001,2.9012848567478238,16.82782857377833,14.270700628449402
1728303473000554500,228.4045544433594,209.02758713345975,2.1366629547645184,7.310731376153221,46.829610821927126,164.43758698087186,183.06234741210938,5.040790791485132,2.90085594769329,16.8278185152167,14.16254492932679
1728303474000557300,229.40455737304688,209.30278555769473,2.1534816146999045,7.30413670300657,46.82948042986706,164.71278540510684,182.62551879882812,5.0323988113327465,2.9153900659235283,16.827809747991935,14.292492216266725
1728303475000560600,230.404560546875,209.61303281318396,2.101316489798766,6.891379164715104,46.82934524861376,165.02303266059607,182.49725341796875,5.029894508381695,2.9197085928805473,16.827801042357358,14.774905902645116
1728303476000562200,231.4045622558594,209.45107603725046,2.1028206803657183,6.802572384569524,46.82920624520234,164.86107588466257,181.92567443847656,5.023629869699403,2.9304743583680786,16.82779322839217,15.010453555428995
1728303477000563700,232.40456372070312,210.13868040405214,2.0950886517878002,6.581334297618527,46.82906462654417,165.54868025146425,180.6980438232422,5.0169822707518685,2.9418405680373403,16.82778776251935,15.556647709674412
1728303478000565500,233.4045654296875,210.3824064945802,2.0881119594835935,6.678607493775475,46.828928513586575,165.79240634199232,180.6980438232422,5.018280843576927,2.9396248753502,16.82778534609731,15.362660145244229
1728303479000568300,234.404568359375,210.483262126334,2.133284033309796,6.897304755540541,46.8287742010242,165.89326197374612,178.991943359375,4.994634677182855,2.979624384762507,16.827795740339656,15.126488388432007
1728303480000571000,235.40457080078124,210.36871088389307,2.139148822927905,7.136805107391975,46.82864092062002,165.77871073130518,178.12234497070312,5.002147432378632,2.96699479230023,16.827801072363936,14.745720169511113
1728303481000575500,236.4045754394531,211.1830737264827,2.1108791516808654,6.809565953506451,46.82850319644151,166.5930735738948,178.12234497070312,5.015753500641764,2.943935096701136,16.827809183607744,15.36605876316179
1728303482000576000,237.40457592773438,211.9303064737469,2.0902539417180486,6.548415122066448,46.828362074716246,167.340306321159,176.26724243164062,5.041533100968825,2.8995656613749077,16.8278256113339,16.0159964287588
1728303483000578000,238.404578125,212.39882272388786,2.0796448598157076,6.201614662578077,46.828204224015835,167.80882257129997,174.6880340576172,5.036727834723408,2.9079047012774146,16.827810185301665,16.778755080959968
1728303484000579800,239.40457983398437,212.90232448186725,2.084285526943279,6.033200913955118,46.828048706755276,168.31232432927936,174.6880340576172,5.054169453435715,2.877482957159982,16.827827855483743,17.416982399734554
1728303485000582000,240.40458178710938,213.88010339532048,2.056413200870551,6.017496593606615,46.827895318505554,169.29010324273258,174.6880340576172,5.057741139668302,2.871200375608714,16.827847243253103,17.315068975270222
1728303486000585000,241.4045849609375,213.54352196399122,2.0313863957393803,6.091148673377923,46.82774159482147,168.95352181140333,174.6880340576172,5.050126943106411,2.8845718731381145,16.8278707841703,16.936948235164444
1728303487000586500,242.40458642578125,214.01166409347206,2.0605653131527397,6.416304107177685,46.82759439712515,169.42166394088417,174.6880340576172,5.042775446302333,2.897404499023072,16.827897384860176,16.380433236381986
1728303488000589300,243.40458935546874,214.4017753796652,2.06579770771079,6.6968319249948305,46.827453976197084,169.8117752270773,174.6880340576172,5.041782959097229,2.8991311847078647,16.82792100842038,15.778678910858313
1728303489000591600,244.4045915527344,212.99402644205838,2.1003645393132033,6.88970074410303,46.82731591369618,168.4040262894705,174.6209716796875,5.12613002637604,2.747240066953528,16.82794696332791,15.649976437422161
1728303490000593200,245.40459326171876,213.2989791976288,2.0679900894946304,6.746521457499134,46.82717590630339,168.7089790450409,174.6209716796875,5.184213388981022,2.6359947970925015,16.827968914695678,15.754035945803922
1728303491000596200,246.40459619140626,213.5725453607738,2.0781377346733487,6.879846504129937,46.82703737486997,168.9825452081859,174.6209716796875,5.196619726672005,2.6114517895515905,16.82799172319613,15.533060275390623
1728303492000597800,247.40459765625,213.41485505457968,2.0972069377497493,7.0483209264361735,46.82689958088952,168.82485490199178,174.6209716796875,5.22049678363942,2.5633865032022203,16.828012354878116,15.251210309157505
1728303493000600300,248.40460034179688,213.06230023037642,2.1032092876024278,7.206110440537012,46.82676389667651,168.47230007778853,174.46119689941406,5.2219927977521845,2.560337527165733,16.82803630233587,14.9479978783794
1728303494000603100,249.40460302734374,213.4314091373235,2.1241247072910325,7.200878406915792,46.826629525869635,168.8414089847356,174.46119689941406,5.236197446601982,2.5311604715994838,16.82805993910016,15.08605729765631
1728303495000606000,250.40460595703124,213.35189329087734,2.12533585956878,7.3851245830818,46.82650006004029,168.76189313828945,174.46119689941406,5.246677517994734,2.509364870830355,16.82808053386391,14.704073056772637
1728303496000607500,251.404607421875,213.2158470787108,2.154240850086734,7.676674858390026,46.82637124489931,168.6258469261229,174.46119689941406,5.265300153883118,2.470050874437052,16.828101062655595,14.362863164535582
1728303497000609300,252.404609375,213.37729837931693,2.1385692865437855,7.45134398186326,46.82624083881747,168.78729822672904,174.46119689941406,5.28134921239417,2.4355466592804818,16.82809825956832,14.659958632498679
1728303498000611800,253.40461181640626,213.15172306727618,2.097471956955026,7.293829167076751,46.82610780213753,168.5617229146883,174.46119689941406,5.301628885529087,2.3910809674522606,16.82811705577188,14.699999282175476
1728303499000613600,254.40461352539063,213.15160617697984,2.1412813573253446,7.549703705046364,46.82597259131222,168.56160602439195,174.46119689941406,5.317529433962524,2.3555079604473916,16.828136159142463,14.535240957879374
1728303500000616400,255.40461645507813,213.20792875718325,2.105795977484004,7.4305195398352915,46.8258367832633,168.61792860459536,174.46119689941406,5.3024486956362775,2.3892624098106032,16.82815534690767,14.499979720707683
1728303501000619000,256.40461889648435,213.8932057796046,2.134815235525444,7.429049304786413,46.82570354034738,169.30320562701672,174.5854949951172,5.299121975292244,2.396631662096548,16.828174009067293,14.666705346811687
1728303502000620800,257.4046208496094,213.67052260413766,2.1119520706792665,7.432139250521972,46.825572353934774,169.08052245154977,174.20191955566406,5.298528460796626,2.3979435320534503,16.828192772940938,14.565686143617166
1728303503000623000,258.404623046875,213.73420201148838,2.1240716673785194,7.546322605590394,46.82544263793959,169.1442018589005,174.20191955566406,5.316436697561681,2.357973255490461,16.828211963623342,14.409232940166143
1728303504000625400,259.4046254882812,213.69922127202153,2.1436289234872565,7.541475385073684,46.8253152623041,169.10922111943364,174.4297332763672,5.323601095625287,2.3417532763820526,16.828230669723965,14.5192545659267
1728303505000627500,260.40462744140626,214.09611895214766,2.1083845154803145,7.450513119189714,46.82518484783734,169.50611879955977,174.4297332763672,5.324770294999138,2.3390934864352104,16.828249200747702,14.458683255730081
1728303506000630300,261.40463037109373,214.70246128644794,2.099581011859772,7.460102498786978,46.82505901144474,170.11246113386005,174.26014709472656,5.32788445671071,2.3319914769846943,16.828267436945236,14.39490278028141
1728303507000632800,262.4046328125,214.88995155785233,2.132280181818836,7.634164234295409,46.82493500728757,170.29995140526444,174.26014709472656,5.331467893459804,2.323787239356503,16.828285597143687,14.241181099595936
1728303508000635100,263.40463525390624,214.94202873390168,2.1189517191424656,7.773072460579192,46.824815797239395,170.3520285813138,174.26014709472656,5.3370743961099345,2.3108816333115403,16.828303055248025,13.842985652796289
1728303509000637000,264.4046369628906,215.9114733505994,2.1644426045822778,8.008309134866597,46.82469714117669,171.32147319801152,174.26014709472656,5.33869573142849,2.307133485521818,16.828320432220682,13.815911745420426
1728303510000639000,265.40463891601564,216.4487864030525,2.1331593624991028,7.564549015779456,46.8245664597071,171.85878625046462,174.52127075195312,5.3317807474048955,2.3230693262129147,16.828338729089985,14.320960905814786
1728303511000641500,266.4046416015625,217.10945788864046,2.1195247297253785,7.382017243519289,46.82442612026458,172.51945773605257,174.17562866210938,5.22320025489967,2.557873360822398,16.828335591412547,14.363229578796568
1728303512000643300,267.4046433105469,216.81658668909222,2.1483947928632188,7.673258576004739,46.82429378827405,172.22658653650433,174.2506561279297,5.212186348795842,2.5802423332344397,16.82834983845437,14.000307538776038
1728303513000646700,268.4046467285156,216.95219148043543,2.1924105627333343,8.049228896984976,46.82417206190619,172.36219132784754,174.2506561279297,5.215980470971167,2.572563849399319,16.82836255603204,13.584277132301176
1728303514000648400,269.4046484375,216.65083458274603,2.2070060004628034,8.473206032732971,46.824058236641335,172.06083443015814,174.72596740722656,5.2211040657698655,2.5621493647307547,16.828381148346047,13.04499316993998
1728303515000650200,270.40465014648436,216.6231852788478,2.1806551744105023,8.47996150882484,46.82394130599687,172.03318512625992,175.59142827590662,5.241181628007628,2.520823709628291,16.828402659658106,12.9646090997384
1728303516000653800,271.40465380859376,217.0000806953758,2.1637304187767796,8.297273903908609,46.82382101390291,172.4100805427879,174.5143295633723,5.2299643717726445,2.5440144855675673,16.828424179954954,13.259816787915298
1728303517000654600,272.40465454101565,216.34895936120301,2.1421909005882593,8.102472725108946,46.82370099549542,171.75895920861512,173.8268739257204,5.2083494078158195,2.587978647302454,16.828447629376615,13.528132958207005
1728303518000658000,273.4046579589844,215.9676241632551,2.158166593135724,8.227206773611437,46.823580029965854,171.3776240106672,174.00132517422725,5.194071306307394,2.616516825434732,16.828468742679913,13.414516900963644
1728303519000659000,274.4046589355469,215.3267405871302,2.168833987420743,8.538028816270646,46.82346251930926,170.7367404345423,174.26973096267858,5.1689430260005675,2.6658141395733006,16.828490247724403,12.967237672314711
1728303520000661800,275.4046618652344,215.1867812909186,2.1522259514991124,8.797673478467615,46.823350787267536,170.5967811383307,174.90131960499838,5.147934201550058,2.706161578564741,16.82850733185625,12.434631005190344
1728303521000663800,276.4046638183594,214.50568731408566,2.1857950759783242,9.637091407321982,46.82324735788745,169.91568716149777,175.99666308425614,5.1301349737585324,2.73975403710048,16.828522369526716,11.440924612418735
1728303522000667000,277.4046669921875,213.9906775224954,2.3529158655811955,10.565139224424557,46.823157503084786,169.4006773699075,176.3268280029297,5.11606495773689,2.7659386075987777,16.828538501728207,9.95335973170022
1728303523000668200,278.4046682128906,213.06009421125054,2.4719778394836833,13.928532117843407,46.823091151204764,168.47009405866265,176.3268280029297,5.120451254488959,2.7578099976596073,16.82854887915262,7.861763278490712
1728303524000671200,279.40467114257814,212.35412456654012,2.682277642443885,20.23890582563138,46.82303952235715,167.76412441395223,177.23500061035156,5.128844245780556,2.7421695307388485,16.828556636147784,5.814993241893429
1728303525000673300,280.4046733398437,212.17443834245205,2.9151790745073822,31.81223449860478,46.82301035992846,167.58443818986416,177.23500061035156,5.128581031666328,2.7426617790790724,16.828565772184465,3.989323347846121
1728303526000675600,281.40467553710937,211.69562086928636,3.1734584595451034,58.65023715910896,46.82299636039843,167.10562071669847,177.23500061035156,5.134320237676244,2.7319027672625897,16.828564903997048,2.3176036404323934
1728303527000677600,282.404677734375,211.8563514240086,3.2183874045282317,98.66648744062361,46.822983972423366,167.26635127142072,177.23500061035156,5.117610564483654,2.763077838764979,16.82856777704476,1.364806469951323
1728303528000680000,283.4046799316406,211.564667256549,4.686268414013953,180,46.82297619362256,166.9746671039611,177.23500061035156,5.119488536655512,2.7595967379024144,16.828546155401128,0.758002185897279
1728303529000682500,284.4046826171875,211.31808463670313,3.8518857491215215,180,46.82297579443666,166.72808448411524,177.2347412109375,5.106181619854373,2.7841419320591787,16.82854618348138,0.3096254764562813
1728303530000684800,285.4046848144531,211.33206097129732,3.729828190327792,180,46.82297448818946,166.74206081870943,177.2347412109375,5.094113386965649,2.80616211818316,16.8285462754018,0.18940769544704072
1728303531000686800,286.40468676757814,211.41759216506034,3.6760356458223633,180,46.822976875681555,166.82759201247245,177.2347412109375,5.086421854379856,2.820079742148407,16.82854610741089,0
1728303532000689200,287.4046892089844,211.37080745585263,3.7842292916227387,180,46.822979770770516,166.78080730326474,177.2347412109375,5.089769602729719,2.8140331241684757,16.828545903692927,0.1697022989032157
1728303533000691000,288.40469091796876,211.17569964192808,3.7765689395533095,180,46.822983522937704,166.5856994893402,177.2347412109375,5.095841440136723,2.80302284146493,16.828545639675692,0.17526193440165835
1728303534000693500,289.4046936035156,211.13519069552422,3.8682613552941647,180,46.82298576307445,166.54519054293633,177.2347412109375,5.109042341061335,2.778888876877114,16.828545482041054,0.45896204848420374
1728303535000695800,290.40469580078127,210.99603299982846,4.329959076456125,141.61171717347435,46.8229726726404,166.40603284724057,177.2347412109375,5.120692892199243,2.7573612996067416,16.82854640315192,1.6925212185892802
1728303536000699100,291.40469921875,211.24190061353147,3.2170214311582668,46.71065881163937,46.82295080613764,166.65190046094358,177.2347412109375,5.130753384010073,2.738595761564314,16.82854794179255,2.8575284364782636
1728303537000700000,292.4046999511719,211.37661444023252,3.1367698340821,32.236174309915626,46.82292185192126,166.78661428764462,141.6300144804132,8.969690832480783,2.8012041273161548,16.828549979163803,3.712569582774613
1728303538000703200,293.404703125,211.41239034291357,3.0984412150288487,22.06712742515834,46.822900900188635,166.82239019032568,117.80920059437172,12.77400858585053,2.8238763811713716,16.82856918889883,4.84834696276103
1728303539000705300,294.4047053222656,211.81884781364352,3.1019032299009717,20.8051764241412,46.8228169105966,167.22884766105562,83.47407531738281,10.408659521064445,2.8264387221011487,16.828818098950432,5.064457350344272
1728303540000707000,295.40470703125,211.8799292249605,3.0703267003055728,21.296723493763313,46.8228254899431,167.28992907237262,80.75614929199219,9.189869958341172,2.8600169025109947,16.828890909673106,5.0078928441001835
1728303541000709600,296.4047097167969,211.96194569952786,2.825530199392018,17.998674103694782,46.822849539456655,167.37194554693997,68.74333190917969,8.537256477487475,2.8574540253644143,16.828990123869136,6.314526966302248
1728303542000712400,297.40471240234376,212.3189861457795,2.668006770839504,12.91953962311476,46.82288627919534,167.7289859931916,62.177459716796875,8.195372134221548,2.8380011502660523,16.82909040987157,7.798146443105361
1728303543000714200,298.40471435546874,212.568149773404,2.588957152222828,12.109989865186344,46.82295203961459,167.9781496208161,48.360538482666016,5.091925253154919,2.8101306462639872,16.829183911554058,8.386169514497512
1728303544000715800,299.4047158203125,212.874581460841,2.495887926211546,12.229311803852905,46.8230252555599,168.2845813082531,36.95673751831055,5.0730115013853325,2.8441327921883275,16.829254391181315,8.664487239757197
1728303545000719000,300.40471899414064,213.3047901103273,2.4754033390499646,11.70784715623447,46.82309709527713,168.7147899577394,30.75701141357422,5.077857833964861,2.835471186739609,16.829316550968567,9.108592875565158
1728303546000721000,301.4047209472656,213.81377849262208,2.4175115972526116,11.117458458962867,46.82317829173858,169.2237783400342,28.072290420532227,5.081377607554056,2.829158645646627,16.829356394659655,9.468492473035026
1728303547000723500,302.40472338867187,214.15775381494313,2.3971519339140914,10.796372723556795,46.82324217291823,169.56775366235524,26.63807487487793,5.04067763698379,2.9010525663628286,16.82944427163774,9.686509262170572
1728303548000725800,303.4047258300781,214.65938411466777,2.3856247900861853,10.856277824607467,46.823321431664915,170.06938396207988,25.358230590820312,5.036423926190093,2.908431032101123,16.829504648519478,9.676441450572835
1728303549000728000,304.40472802734377,215.03726113028824,2.3660491604758396,10.794908802332033,46.8234026088041,170.44726097770035,25.358230590820312,5.054685328907601,2.8765766561166233,16.829560079724878,9.705021595323498
1728303550000729600,305.4047294921875,215.56441318057477,2.392804813324997,11.275904305249378,46.82347956217218,170.97441302798688,25.903614205759055,5.057237069911798,2.8720881343543,16.829610094948354,9.405810827776566
1728303551000732200,306.4047321777344,215.80671915132552,2.400763453119152,11.586353447485724,46.823549933968316,171.21671899873763,25.346150574783383,5.0575020278777485,2.871621540315034,16.829654582276287,9.187613324126144
1728303552000734700,307.40473461914064,216.26485810801387,2.362195970126978,10.496911494432872,46.823630269436485,171.67485795542598,25.06573793216373,5.068859417033975,2.851526125276572,16.829707092877552,10.008077340599169
1728303553000737300,308.4047373046875,216.48299972712994,2.2868688636972334,9.343377437090284,46.82372162805784,171.89299957454205,24.22476479275352,5.076462241184568,2.8379690179098502,16.829764544446334,10.920921428944904
1728303554000739300,309.4047392578125,217.0477136336267,2.252085570846702,9.303870710998682,46.823818300757466,172.4577134810388,23.381734000169686,5.081446737185819,2.8290344801596934,16.82982211968506,11.710523915482458
1728303555000742000,310.4047419433594,217.46956709586084,2.2244724583132296,8.753582190215072,46.82392066672193,172.87956694327295,22.774534225463867,5.09391088357665,2.8065296975033402,16.82988563081615,12.30153380619286
1728303556000744400,311.40474438476565,218.0872383583337,2.21273878233551,8.689906401090337,46.82402357345493,173.49723820574582,22.774534225463867,5.101854808047076,2.792062776943916,16.829947940475122,12.315106923933838
1728303557000746200,312.40474633789063,218.40010432247072,2.2456251072850644,9.081890326673724,46.82412108629278,173.81010416988283,22.774534225463867,5.115099257080382,2.7677240872248374,16.830006056085672,11.920335671388719
1728303558000748500,313.4047485351563,218.5576355541125,2.245608992975272,9.370877928886966,46.82421671611338,173.9676354015246,23.575942993164062,5.12276625351865,2.7535073896031816,16.830068070516102,11.614583465696887
1728303559000750600,314.40475048828125,218.899163486436,2.267558865848029,9.409793125667367,46.8243126211477,174.30916333384812,23.575942993164062,5.128913241448003,2.74204048009656,16.83012885094709,11.677965222809721
1728303560000753000,315.4047529296875,219.5744857871905,2.2276273231086416,8.966102166786325,46.82441378549956,174.9844856346026,23.575942993164062,5.137795493847703,2.7253613514884725,16.830189991519116,11.997391179543524
1728303561000755000,316.4047548828125,219.60293136816472,2.2390104861113413,9.309739046042628,46.82450932078096,175.01293121557683,22.857370376586914,5.141313572140377,2.71871877650374,16.830251508440195,11.658899812704655
1728303562000757200,317.40475732421874,219.88350308220834,2.2513640448265755,9.957390497808344,46.82459758550247,175.29350292962044,22.857370376586914,5.12479685466875,2.7497262102191415,16.830312466695585,11.017073255891804
1728303563000760000,318.40476000976565,220.07361364923418,2.3779713079997005,11.154529736892558,46.82467669872313,175.48361349664629,22.857370376586914,5.119047684909182,2.7604144312792553,16.830360698735227,9.5147099683507
1728303564000761600,319.40476171875,220.35611330345273,2.569028729300561,16.578397645275896,46.824733473382544,175.76611315086484,22.857370376586914,5.107775504665804,2.7812167169648645,16.83039879619496,6.889240162632407
1728303565000764400,320.4047644042969,220.30354929622263,2.834008159963062,28.620429625333813,46.82476558001441,175.71354914363474,24.21411895751953,5.098277422339067,2.7985897087026794,16.830419848826246,4.394451130055078
1728303566000766200,321.40476611328126,220.25733110774308,3.05073646790951,43.48276608178696,46.824784490155295,175.6673309551552,24.21411895751953,5.07614578001215,2.838535018782342,16.8304334138374,3.1103197384018486
1728303567000769000,322.4047690429687,220.44114954862744,3.0969522943658108,46.62505981921351,46.82480415217323,175.85114939603955,24.21411895751953,5.050645019327794,2.883664668703382,16.83044624599785,2.948625662528887
1728303568000771300,323.40477124023437,220.56016888283193,2.926166408707402,31.285309404982584,46.824840196005226,175.97016873024404,24.21411895751953,5.032336317674482,2.9154979366487757,16.83046856258889,4.152042759597472
1728303569000774000,324.4047739257812,220.8375280285254,2.7543112468986664,22.15015872079096,46.824886801738685,176.24752787593752,24.21411895751953,5.031469240842153,2.9169940540303,16.830494387508747,5.533030153352316
1728303570000776000,325.40477587890626,221.28910760954022,2.5901378909529487,16.432158743142146,46.82494975249937,176.69910745695233,26.415056228637695,5.035938900806909,2.9092707711948256,16.830530670920144,7.019003487695264
1728303571000778500,326.4047785644531,221.72448612190783,2.52108754926716,14.943024353932612,46.825015269714015,177.13448596931994,26.415056228637695,5.03246267286598,2.9152798285926913,16.830568777077215,7.518620825790886
1728303572000780500,327.4047805175781,221.92639637738466,2.551144062442391,16.458467047339393,46.82507642854281,177.33639622479677,29.938541412353516,5.040773920583432,2.900885263907341,16.8305958657908,6.985341291691919
1728303573000782600,328.40478247070314,222.12287511397153,2.618470952994718,19.025919083996584,46.82511695082895,177.53287496138364,26.63858985900879,5.025333721715465,2.9275515397987837,16.83065216789356,6.214083711640372
1728303574000785700,329.4047856445313,222.08867841772735,2.811220274706317,27.66325629564537,46.82514934247129,177.49867826513946,26.63858985900879,5.0091621825794705,2.9551364201005184,16.830675838175146,4.554106040301147
1728303575000787200,330.404787109375,221.8911696271971,3.1063131812882125,54.16571819467636,46.8251628543049,177.3011694746092,26.63858985900879,9.407075049694335,2.967990145753672,16.83068571198077,2.5341074829620687
1728303576000789800,331.4047897949219,221.9328709328547,4.488498411685042,180,46.82516621667973,177.34287078026682,26.63858985900879,10.16107271611321,2.9725295728787224,16.830688169033987,1.0621956769609633
1728303577000791300,332.4047912597656,221.96209210250527,4.5488936824991315,180,46.82516993515547,177.37209194991738,26.63858985900879,10.625281793443317,3.0077728565703796,16.830690886275388,0.748223180507983
1728303578000794400,333.40479443359374,221.94887392502278,4.240547299040319,166.9319725635814,46.82517951704752,177.3588737724349,26.63858985900879,11.78348435996585,3.0292713492396346,16.830697888271914,1.4436902711459851
1728303579000796700,334.4047966308594,222.0516872499138,3.197719214707875,52.66249001192709,46.82520224464486,177.46168709732592,341.098225664685,12.804768318720695,3.0419271383992768,16.830694630591623,2.6604822782045043
1728303580000798200,335.40479809570314,222.25908064376563,3.0106005613158495,29.139630187481007,46.82525387523195,177.66908049117774,329.0915832519531,4.947417094208008,3.057384687723679,16.830446509328247,4.238061886395482
1728303581000800500,336.4048005371094,222.46777747478336,2.8220953915090132,20.205501881326356,46.825299631206654,177.87777732219547,330.7330322265625,7.930929783386577,3.0717763245315894,16.830407585356756,5.5853821941387105
1728303582000803800,337.40480395507814,222.63416368234903,2.8210385575657657,21.04252989409442,46.82534111421902,178.04416352976114,330.7330322265625,7.935605705158656,3.0936253242523626,16.83037371745364,5.296143488060926
1728303583000806100,338.4048061523437,222.94728847779334,2.8353032837103798,20.611956801059154,46.825382569298675,178.35728832520545,330.7330322265625,7.943437187492048,3.107669664845561,16.83033987236734,5.417840252706339
1728303584000807700,339.4048076171875,223.31403413321823,2.7149430469816975,15.669744984868805,46.8254370134413,178.72403398063034,331.4161682128906,7.770514471004906,3.1215403231008794,16.830295933774487,6.79572391969854
1728303585000810500,340.404810546875,223.7621371410787,2.5671990671219667,12.326418028361658,46.825530352598754,179.17213698849082,330.666308493976,4.907349034105487,3.1212917983188913,16.830324512895096,8.092290655771206
1728303586000812500,341.4048125,224.15770954173058,2.552953234745732,11.452687669813793,46.82559852433449,179.5677093891427,330.3395977816594,4.912420635182505,3.1133037975472218,16.830266721867396,8.594953939848013
1728303587000814800,342.40481494140624,224.635115403682,2.5197451069298538,11.302705878593757,46.825666487715104,180.0451152510941,330.0239534278792,4.918514987479162,3.103666758969413,16.83020804134763,8.66128345504221
1728303588000816400,343.40481640625,224.6019730279222,2.523309227582887,11.385021174600462,46.82573302561779,180.01197287533432,329.7789291248583,4.923220307783122,3.0961974797839837,16.83015038492649,8.55102660934427
1728303589000819700,344.40481982421875,224.48741355724633,2.5816445490382134,11.973472518490533,46.82579722166556,179.89741340465844,329.25425098109906,4.927292239554187,3.0897132907145157,16.830088531838943,8.341315265248628
1728303590000821000,345.4048210449219,224.39898851979524,2.546336571990189,13.416810002130601,46.82583346952566,179.80898836720735,330.0660400390625,4.934904633382757,3.0775401365711277,16.829974123756294,7.772392487992739
1728303591000824000,346.40482397460937,224.46205635275692,2.427081968499589,16.14614610615159,46.82589119129105,179.87205620016903,330.0660400390625,8.642461787677094,3.0565818651846097,16.829925703275666,7.597182726980615
1728303592000825900,347.40482592773435,224.52178111672401,2.5092794061459744,14.33956834835845,46.82594751114156,179.93178096413612,330.0660400390625,12.253407167061992,3.0207738522705276,16.829878457749327,7.8133275858392945
1728303593000827600,348.4048276367188,224.42976932879537,2.4831890350103514,13.807028037838876,46.82607206116356,179.83976917620748,9.063278198242188,4.996109686597544,2.9771504886846123,16.830017714043933,8.072825845907646
1728303594000830700,349.40483081054685,224.9373440463096,2.5260490058766716,14.798355866424247,46.82614348680355,180.3473438937217,9.063278198242188,5.018581410753407,2.9391117121384114,16.830035686495375,7.655770007182154
1728303595000833000,350.4048330078125,225.11583187058568,2.5432114276487896,15.954421073608316,46.826208385863985,180.5258317179978,9.063278198242188,5.033111657463547,2.914159240037061,16.830056385108126,7.162969538564363
1728303596000834800,351.40483471679687,225.23478901572526,2.6194104131956215,18.27459127938699,46.826262370021325,180.64478886313736,9.063278198242188,5.044978420367381,2.8935669632507706,16.83007273571159,6.448286794140664
1728303597000837400,352.40483740234373,225.48458472639322,2.6533740516515487,20.339204014774612,46.82631518694163,180.89458457380533,9.063278198242188,5.058669943742141,2.8695636311238535,16.830085384357997,5.866854282362641
1728303598000840200,353.40484008789065,225.52399571053684,2.765682181466905,23.83152274845029,46.826362941132224,180.93399555794895,9.063278198242188,5.066772386851629,2.855232847357056,16.83009376870876,5.218632886791952
1728303599000841200,354.40484130859375,225.55541314557195,2.9236775736337246,34.23800930466486,46.82639965411424,180.96541299298406,9.063278198242188,5.057010240610068,2.872487503741963,16.830099232797476,3.8408023222346896
1728303600000843500,355.4048435058594,225.5101070255041,3.138239860388418,58.4771884812832,46.826423809576134,180.92010687291622,9.063278198242188,5.053499554877364,2.878659285438817,16.830101057258265,2.4129334456153972
1728303601000845800,356.404845703125,225.3903084723279,3.1722151691029765,87.6188366171172,46.82643561530235,180.80030831974,9.063278198242188,5.07370300709681,2.842899018355317,16.83010271771263,1.6253536188764843
1728303602000848400,357.4048483886719,225.28943669237196,4.686338201601378,180,46.826444807259556,180.69943653978407,9.063278198242188,5.080126575542568,2.8314044234716755,16.83010342044307,1.1460670483084106
1728303603000851000,358.40485083007815,225.1793032847345,4.791797744546717,180,46.826450681026834,180.5893031321466,9.134211540222168,5.097317153286556,2.800338349485554,16.830105094671694,0.7454220680777186
1728303604000853000,359.40485302734373,225.10683767776936,4.133137221390552,180,46.82645448619765,180.51683752518147,9.134211540222168,5.1065804304197995,2.7834103794522234,16.830108008781036,0.4236106178671937
1728303605000855000,360.40485498046877,225.0643183970824,3.78158774109204,180,46.82645345800112,180.4743182444945,9.134211540222168,5.10858660332003,2.779726596118394,16.830109422213678,0.2498607757499106
